block_number,old_block_id,new_block_id,old_block_hash,new_block_hash,body_identical,hash_match
1,seal-C-359-001,seal-C-372-001,sha256:ec89e30eb8795972184e1ab1f66c261ee443a8350dd44c3a99f7b4205fe8416d,sha256:bfbae53cad41bbb42a9812c875c1ef8f473caf5c7b075113782c9ebe19945c99,False,False
2,seal-C-359-002,seal-C-372-002,sha256:d6ec823c3e5056c12bb05f1917c8821c68fefff9239e3f026a34f1c3b7387b1e,sha256:39f6e348505d20a4111ac02744fbd7e15613a5343f5eac4b23b053a14228bf81,False,False
3,seal-C-359-003,seal-C-359-003,sha256:5897552af387d1bb98f71e33bbce718ec34e014402e82804f4b1a2c115a14c1c,sha256:2886d4a412b1d0532000ec26332ddea3f886df75b5af181d1f1caaa4109ab71c,True,False
4,seal-C-360-004,seal-C-360-004,sha256:ffdcf223ff153961931eca72f4ee0510f2f7ce7f01a08c8a988b2d5f554ecdf9,sha256:7f36119f8a7d57ce031dc4fbcfd41db4dea654d28749206ebf04ac5f04dd178b,True,False
5,seal-C-360-005,seal-C-360-005,sha256:9ea584772ea3d3891ef49c6eaee60f2e5b1a9f1a325455957b2cd7887fb37b05,sha256:782a623f4a7e8bf115f4d8ac3b06bd4eb47e3b527c086b526ca6fb59a5827950,True,False
6,seal-C-360-006,seal-C-360-006,sha256:a5ef1acce8d7f880796242d69a7c58ac7fc2052e0a849b63662d73db5a4f68be,sha256:75a9dc41086d06546c5b7dcf9f1cd6fcfc8e5796e4cd1e966b5ed18545213cde,True,False
7,seal-C-361-007,seal-C-361-007,sha256:4346a009c8260d2e71776f0cc84681de6335a87063c588be917048e5cc0dbbfd,sha256:4c32834933326dd05197cf21fa3f1b3551263234780e3459801b4c198f9eabe2,True,False
8,seal-C-361-008,seal-C-361-008,sha256:63ec1d3ac3665ce0be7be1a6770512bdd099be5817d9b6d8c436b07ba3c0c0f3,sha256:a75105e40b8b1dbcfc01153dfd32ff9274d4d0dc25583a294f78d9f2d8644300,True,False
9,seal-C-362-009,seal-C-362-009,sha256:1449fb76f1154c7179f19018ae68a31fec49ed421ea61d9c0c6cd45230e00c7b,sha256:2aa79d5a457717aaf2a9c5638b4148eebeb38fc62d25365848361e0617ca8c5c,True,False
10,seal-C-362-010,seal-C-362-010,sha256:c6beaf1b7a9f18aca48f69a3464da1b7417c0d7e32eb4532aefff056d60ba6a4,sha256:959a9b0d1b7aeb229a2f88262190f7a0899e13cd926408fd3b3debfbc9f7ea1f,True,False
11,seal-C-362-011,seal-C-362-011,sha256:f2be131f21762d62001da09abe5af17f4815ca12b60b8de8ff29ad5a86c226ac,sha256:863fe6809744387e47b04a7b76fcf3406ef1221e44764005eec63fca63cd2e39,True,False
12,seal-C-363-012,seal-C-363-012,sha256:e5c971f296bc65f37e9f50fda73ef402ec5418775ff748d86c0f100722641d93,sha256:064dbcdb3e1ec3a734ddbe634595871f6d94f6e0113a62cfe3b35eb4cd610044,True,False
13,seal-C-363-013,seal-C-363-013,sha256:e2250a3a197ef42028d93410b51f6153f9458f91b09c9e58d875fd76e0729099,sha256:2cd7d1cfbd492360382ad0b34ebcfbb2032101e3600a84b1231763349489c2ef,True,False
14,seal-C-363-014,seal-C-363-014,sha256:73d31de4189c3277a57c665ec8686c126b68ac1751a92753505cd03aea9bdcfc,sha256:484cd2c24b547ce75fe89b007b8a5d1280a72add7674d371fa3b289a3b7ab9a8,True,False
15,seal-C-364-015,seal-C-364-015,sha256:12c5d0f549644c6b856a61c28855b1fe7a01f092c9b4c6d23069fde8bb9fedaa,sha256:dacadae67119495e073d57695b683858dc54d46f8bd383dda2788459bd92bbe9,True,False
16,seal-C-364-016,seal-C-364-016,sha256:4f8bb037aa836fb5231e502e101e985905cb6560cedeb0965f9906b5cf6a20d5,sha256:6a3730f2c02da3c710b21d76237e2665b9a17ed0df4865f0100b21226018d5cf,True,False
17,seal-C-365-017,seal-C-365-017,sha256:76da3a5c8d5ac0838cd0327225305b4d8e9c4af145bc059323a9c84d119173bb,sha256:3510f7d50180f3918c72ad2e9394cc1cd6f51e36608747baf2bec124712e01ad,True,False
18,seal-C-365-018,seal-C-365-018,sha256:a014873feab9b1e79e6d0cde023c8f4d495badedcfb8ab16bdb4734ff4cdee7a,sha256:6d6103397c500e50a40fa0926bc3dffcf146494f6ecd6173bcded2771d0da4a7,True,False
19,seal-C-365-019,seal-C-365-019,sha256:0792be395e05d5cc16a2049606c2432b7ce40fe42bafd95a3ea9c6c7297cd861,sha256:86661234a685e72ee5d5c5b88a873c9c35c8aac7f39776f561de34d652c84f07,True,False
20,seal-C-366-020,seal-C-366-020,sha256:06e072b521ca3b320a611b561a5e407e357858f599078292773f0ebe1db622e6,sha256:71c055260f81a981e68a84dc8eec69e2c288c30129b4b2227812a5852fbc3bcf,True,False
21,seal-C-366-021,seal-C-366-021,sha256:b378b60c734f8e9243f5d6c08bb079928e50471376e246803c0787e4654f48f5,sha256:18013b6c21bae8f999972b2e078136cd7be6af4a17906e6b7eeb6c8d90e1a43a,True,False
22,seal-C-367-022,seal-C-367-022,sha256:529a1d6a3c9179066be0f08fd3d6e0f6f4cf8e915b42f0cb546ef44560cd95ae,sha256:e2cc2f4e2d88c2862d06f050b3fe4e89051f8213604e88684a4d4b425f99b11e,True,False
23,seal-C-367-023,seal-C-367-023,sha256:26959e88b8b6921432b2a111a2c8e007b17ec1cf27a16022bb22de9c4bea02ed,sha256:f67c24b2277f708a9eccbd29cfe15fa8659521963674c48150a0b06c79a5df48,True,False
24,seal-C-368-024,seal-C-368-024,sha256:bc663ab9e6f1fc67bf32b2dd750463df14e17566af464d7141548829f09d0ea3,sha256:392af908fc0fa13c0b0abcebe0272bca27b0bc446ae4eabf73d834e48a9d13b3,True,False
25,seal-C-368-025,seal-C-368-025,sha256:dab5b8207fb0504a807f926c4ee5d13a6efea34af0a5a4fc099984ec671723c1,sha256:53157cae1ddbb647d5178123f2edab07ce77a3741debc915bea51b9d2b7ca9a6,True,False
26,seal-C-369-026,seal-C-369-026,sha256:d77d2d16b9595a5ed29fc0b1ed6a85f055809ecae3d238d8bba667b8a14730b8,sha256:b78f4db9048f859c62bbe388df7b7cd3578d9171532e07a449b2b475b1ab1848,True,False
27,seal-C-369-027,seal-C-369-027,sha256:d6f0926d63bf1abead6fa928e815d8824c581d94f02d791290164a247435a03b,sha256:14a908ef5f1a5284d4906ef1f7c555229bf10b3fb99a18659addcccb46abad12,True,False
28,seal-C-369-028,seal-C-369-028,sha256:5cd4112431603f3ac421a2bc01ab355c4f521d19889cb012a2d4744fb1360f19,sha256:cd6d3261b99af3ebc47bc2341a5f8c6bedac073c53ab3c364271846772c4b305,True,False
29,seal-C-370-029,seal-C-370-029,sha256:b5e8e232eaec3178a6cec21e98e39ef71cb8f87faa247ea06f0c8ffa3fa7fe92,sha256:828e955a894159ad0ed121211eb8a20d6b16f7f97c1b83e71da40c77172117e6,True,False
30,seal-C-337-030,seal-C-370-030,sha256:455983168bf19c1108ebda98bba28c0ceb63a059b3bd0310ea4fb163012c7a70,sha256:8142abad5c49b90b82d3c659ca9d511c88c937d10594c972019bd6ac69d68ee6,False,False
31,seal-C-338-031,seal-C-371-031,sha256:a4a2f42984e2b30742117f22e7d85b7730606d7c3a65e2bb8fdc81e92cd4d63d,sha256:d1faadf54c93838d8f591ed14a7449f532e2c25e576aac158e32794b985cc9ab,False,False
32,seal-C-338-032,seal-C-371-032,sha256:0588c67d1d52101d9d28260b512462e7b0880b91db980bee2d571adfed377602,sha256:06ae44aa003ad5410f8eb1a3de0a7a4b2bed3b07735934a629d048fa953d4559,False,False
33,seal-C-338-033,seal-C-371-033,sha256:842bec82971087c67f57210ed3fb0a4fb35b2d099f2ffbeed13c31ab71334be4,sha256:6890d184b224499762f2de0cfb897f163c1cf992defec265cb30239f83582542,False,False
34,seal-C-338-034,seal-C-338-034,sha256:451633b043f4cb713e8ee17cf679525a146ad660af8ba552527b2edd05199f90,sha256:6f7bd28fd1fc854cc91da1e362d6b9dfacf53b414dfd5999dcd954fb9b37800e,True,False
35,seal-C-338-035,seal-C-338-035,sha256:13117b56c3b468a0b1d3338906a97fbf5d51fbbe70a3cea6b966178ffa2f4b9d,sha256:32f3639907a2d115962dea86220963cf6dc47e75d4375323aff89ea2a56718ca,True,False
36,seal-C-338-036,seal-C-338-036,sha256:3bc2ba6962b9da17a02efa2dfe1af1502a6c92cc4b3cf34f8c948a7a477f8bf1,sha256:3341f047db44431f5f9a264aa3656f4c4b989d3f2e5c4fcad9c61dbdd786dc90,True,False
37,seal-C-339-037,seal-C-339-037,sha256:56f25ba346dc416a297d8bd9d3e54eae7f636008f80a621886ff0732819b995c,sha256:e1b706319d86b5d02a84228984450ac744eb483c7f11c09d0d0665729173226c,True,False
38,seal-C-339-038,seal-C-339-038,sha256:4fe8e00826f22f04c071adb71e5643a1f852044fdd882ccfbd2e7c31a849a0e1,sha256:399ec88e5a5d45601c33b4797636f343965f0ac29b5562c9d0bb262811238457,True,False
39,seal-C-339-039,seal-C-339-039,sha256:ba1cf8bc761972d69f31d0c15172b0cd38a21ca30369eecf3d548d3b2ef27bf2,sha256:e9b2043c4516b679245341f155970a5ce9238f197cc8f5988d486ee738e6ab88,True,False
40,seal-C-339-040,seal-C-339-040,sha256:2d624fb0816bc38fb827ec27cb34e1909dc7fba803bb4f407022950a6fedd6f9,sha256:5892e0deca40a8194fbbe3cf4661b92c3ccf54c91cf1420cd1b586d24906ca24,True,False
41,seal-C-339-041,seal-C-339-041,sha256:400c2786e25e3ed9085c45d249dbf62f2f5a8b57af734ada45e27b1fc1f342c8,sha256:f38b11be6dd42c586db44a168e12536a3c9a0d5aeb953baa62821331c809cd01,True,False
42,seal-C-339-042,seal-C-339-042,sha256:a01dc0d21e260f100ac984e93c16835934e712b37ecb7a2c0581c2e3df2bbc98,sha256:a249092be7622787e2887e10645e9e61f23e083f9d65a822cd0332c09bc1305f,True,False
43,seal-C-340-043,seal-C-340-043,sha256:56385aa8804e341341393d9c3da17258080c4c7c3eb161f483ca561a3a297c83,sha256:efcc5b117f7daacd6f4673cf4306439decd35cb968750026e5217d7f408d8330,True,False
44,seal-C-340-044,seal-C-340-044,sha256:0c58bd13d94b7b4546dbee9dfc1444d259ac55f98e1b8f7e761ca136d6a621cc,sha256:bc4da8ee0dde77629c47d5764f63356c8b0e7a6786c8c27e3f2729ad13bf4c3b,True,False
45,seal-C-340-045,seal-C-340-045,sha256:f0ca825e9f0cab1f26cd91fa463f67a54b8f8328ea6246d67cd4f1c7aa53b001,sha256:5aa23d353ad7605f6808a567c440542dc17d4e7a38f6c9c989d68b7e3c9fff9d,True,False
46,seal-C-340-046,seal-C-340-046,sha256:5e00e8ce400f3c41bce06f4db4d36339e845c7a4caa1ecd2fecf55dba1bf681c,sha256:53040bbe68e841c213a939a36d82d20ebf2c5829459a3cce7f060d4fabc32c21,True,False
47,seal-C-340-047,seal-C-340-047,sha256:050a19503d4057919e06e0081030499e40f7fba2ad2817a667d6a57991d8684c,sha256:ca6fca96a025b369bfd2bcaeb773828d1291de95d50ac4ac7c9ed1a2bc9492f4,True,False
48,seal-C-340-048,seal-C-340-048,sha256:fa228e39eb691bfebe8e050d2edaccbb98cd370cda8d0e9d53f4a6ede74c8064,sha256:2a97df3191ff9d68d170515ae31bba0ba45eeaa281d531d1b1733e04364b9ced,True,False
49,seal-C-341-049,seal-C-341-049,sha256:b8ddfbd7345938ddc126071141bf712c5da0d451eb49f6a74ceb5c7a9ab2963c,sha256:96685f7ce3a69cc17b3cd66f30b2433d7a505c3337e557a4e7737a1e62d14477,True,False
50,seal-C-341-050,seal-C-341-050,sha256:06760f8b73647f12a5cd3edc27130422aea94191eedba062f3cbce1b72c12d59,sha256:ddd9b90a52ce32edd770318498abf03350e5a3a9541c45359205be8985abcc34,True,False
51,seal-C-341-051,seal-C-341-051,sha256:8ea2e66e86732da428a76eebbc5efdad8a200cbd190dbb9d672b72e277e54c90,sha256:9d600470cf0e99bfc7c803b3d913c0c7127ad8f8e8a430935ccf144a0f6bfc93,True,False
52,seal-C-341-052,seal-C-341-052,sha256:dabb7a19fd8d98952586912bec4161c6685b74391c02be729a127b7cbebccb53,sha256:39d21122007477783ec860a4cfbe6bc2daa76ae5762d182be229d660e5f685dc,True,False
53,seal-C-341-053,seal-C-341-053,sha256:8813880d8f27299bee2b0ec743739c2dad1552c7c03088931bfa3db1b4f76c64,sha256:f0791027658279cd5eaf7de3d165bfc11e6740551c4b530eb1b484c19a9fb97f,True,False
54,seal-C-342-054,seal-C-342-054,sha256:48f971134c4b48af8a0435d8dfde45e60c5b64e66d60a0e951d55b8cceb1f3d4,sha256:f9880bf5f1e0e46acd71adcba552017da01c87931419fe2aaa1b2ed47e849be8,True,False
55,seal-C-342-055,seal-C-342-055,sha256:034d80664193494d2d69d6bdc81dadc1f257e35a51a353621fae073af6122f84,sha256:fb48ce23c62164489b713e1d0c9a1a36827b39b48ad67609a98f27c4d349bed1,True,False
56,seal-C-342-056,seal-C-342-056,sha256:464958a568c5031277578e4d8a88dec650d99ed94be0fea97f306aac06f6bbad,sha256:8aee3b7e7390268e14566a8f282f4bb0d5f8a7d5e6b46a765b2a35f6c985c8fe,True,False
57,seal-C-342-057,seal-C-342-057,sha256:dc59b32c8d2cb325e2b6e93119694743b0ae9d11a89a8e542d6d47bb84fda782,sha256:4f97fd18a116c9f7b582904b7aa4f273148e0d093a46e4b3717d7ff4f1b4e982,True,False
58,seal-C-342-058,seal-C-342-058,sha256:86947fc2abf3a3b424d7dae099b737fca81f62da29e8519f3d357841b880345e,sha256:016dd352d94bf439d85a52c33a23333f8a3e7d51e7cdf2fe76707a8cdcb849d1,True,False
59,seal-C-343-059,seal-C-343-059,sha256:11264e0e082fce326a0deccbbfbee2f6fd43e27e8d2958e5e9b7ba751abb9183,sha256:575dcf9587764274ef680618dbed7a6d2a632c2d309dfade45f29690e96b18dc,True,False
60,seal-C-343-060,seal-C-343-060,sha256:220a488ba7618b9bbd059d50656e449903f13c94c7b37559a7579ec7650a85eb,sha256:8756b7a31493a300fe8dd1ce95ab90f210619c62979790602de26234ec41d04e,True,False
61,seal-C-343-061,seal-C-343-061,sha256:59a5b9337dbebf8f45dfd25716eb8e9aca27f7e8ec576be1b029d05ce568a56b,sha256:798f17a6022d35a7ede9258457c1ee079c1893f8205905eb87f3787a9c0367b2,True,False
62,seal-C-343-062,seal-C-343-062,sha256:4fea1e349e2a4f4c4953bc1b6b6fcf220fef04dc954d6b06e307f8602988e304,sha256:c00148ee6927f0ba6dd2daa1fd2719e91ccb0c627282859e0001d26858c6579f,True,False
63,seal-C-343-063,seal-C-343-063,sha256:82f33a979245d1e72d39c54736f1ec818db7b16fc732d33b233de89011e3a3b1,sha256:ff44265a8f0da4010e42cb77e976179eca4d3283c5c6fdb463e13eee543507c7,True,False
64,seal-C-343-064,seal-C-343-064,sha256:fd7ba2827776bc3122439139f8765dbf3b2a0c79f7c0a196df821bf2a6ae6b56,sha256:050fb7f6797e0d27fb50a9ecb18e396b4957f17fc5b1c77d1e85a1d509ad2f8b,True,False
65,seal-C-343-065,seal-C-343-065,sha256:eea06d9a415b03e97572c908cf1b63c14348ba536deee31a06b5fe987c51c851,sha256:0750f13aaab567b7ca0113c099d6d6e059e5da40789ff4f1ac35c824fc894ea3,True,False
66,seal-C-344-066,seal-C-344-066,sha256:44de57c2da4bb7ce579763d1f53f68ec8190659e503845a17ce351ae71e182ee,sha256:67a731c93b158b9bb6cf89e17364967607ceff513985b0493caef048aca349b6,True,False
67,seal-C-344-067,seal-C-344-067,sha256:81e68536169d4ec0fc96c1b17fbfa5f0c7f04f197c78b69d42ae5526db0ce6c1,sha256:a8a0c411d6d71c7e7fc41eb0bbf03d834c3b8a46cf83d4caa739c1ae571b01ea,True,False
68,seal-C-344-068,seal-C-344-068,sha256:4d698eaccbef250989d9c1d3c94d5b67f2e7fb2a775d1b54c781ca598f59c13e,sha256:bf774a1c5ee15ee711c37b501444326630dcb682e3ac3eb8ef4907bf847063f6,True,False
69,seal-C-344-069,seal-C-344-069,sha256:5fd41887f2a8ff0fae61d0d740b38d8ee23ad8fab40cf06e46f6c6c3d4893fa9,sha256:402eb76cd222425c1866576dcb36c3769dc63b27f9d77826a591ba284df11f37,True,False
70,seal-C-344-070,seal-C-344-070,sha256:247a11146ddb11e01d6e45f7e1ea5a32e0ccafe2fab7e0fdaaece93f78b1bd05,sha256:d5c84f8ab2cfaedb39c999327a6d1b80a8faad031b77f33d86b9c9e0385f9843,True,False
71,seal-C-344-071,seal-C-344-071,sha256:abe2146eff12e1ba3ca7c20e4706cb32a05b1f76e145c45c5da1d7b1d32bd1fc,sha256:8d49f7edcc28c8c63ff34b8053b051d882529fc47636a00017632b1a5e327090,True,False
72,seal-C-345-072,seal-C-345-072,sha256:e3f46c7c4a0475fae7e9c670612002231beb142260661494d7afff58a7e56cff,sha256:73b77bd656c25d5196b011326e57a8e3b0913dc5a91039ce6bae871c479f90e1,True,False
73,seal-C-345-073,seal-C-345-073,sha256:218976a7e3f1f3d6d1cd56676b9f312a4174271aa07454a1bdbf0ce58e3b4499,sha256:2b3bb2fccb6d637cdae7f4a31a892592c2c8484ecb91f7b59c78495b746713d2,True,False
74,seal-C-345-074,seal-C-345-074,sha256:bfb730c56e44bc9a5845fbaca93b371b7d84fe02242080d9dac4d0bd07d001d8,sha256:681ac9e7c01aa87d2aa0aea851ddc9c1e1fd53f1380931b0df359aad29e68fd1,True,False
75,seal-C-345-075,seal-C-345-075,sha256:598d13ccacba0163f1d2860320294926e6dcceae588cb315e315c7ac1d62197c,sha256:cef0ad3fe5812a3fb3acdea860dc658767ef8b5d723b79de4cfc4737eb634aec,True,False
76,seal-C-345-076,seal-C-345-076,sha256:c253cab3d65fbc80c82d8223ac43f9958cbabf0ad9224c7fee77315fd05c548c,sha256:6dde7a1f6aa029c01d4071501845c8bb0b028a3dd88633def19705a6d6c4618d,True,False
77,seal-C-346-077,seal-C-346-077,sha256:26761cd73e18903660f293724f4f770e3bcbda3096a4a7d25823a120caa820b4,sha256:b059c22c1e5b5e0683f45e6fc16f42e6819c041dbaaa437f87a5709a6751a006,True,False
78,seal-C-346-078,seal-C-346-078,sha256:7f6070621eaf864036cc24a4f8967773e6239f50ca6dfb3d71b3748725be4470,sha256:275393abe94456277c80d05648b7dd9663aff0f84f031d2432ab7d86d3207e17,True,False
79,seal-C-346-079,seal-C-346-079,sha256:8b9779173305c88306b711054bde6eecd5cb101da7b1a77085708e95a76ffc16,sha256:65eac5985c7ac4db0e601e934c12d189c497c30f9e5eb8929f74f7342e67fca3,True,False
80,seal-C-346-080,seal-C-346-080,sha256:ed6eea1d7a13d58d6a55bc899606e6331528a3e0c1e4829e44b285794217c2c5,sha256:a0a78aa1881ace03a55731b1a1ac4bdc7b0d5c14da3649b2419b3f8481089c79,True,False
81,seal-C-346-081,seal-C-346-081,sha256:76107ff6fcd607cc9985db0ec424ca30bc3e6aa2f8c1328bb51a158416ec6e52,sha256:5cf9b179ed0cde9aca4df6e9bb3992ba5d3cc3c3df9add59c573241baa2f71ec,True,False
82,seal-C-347-082,seal-C-347-082,sha256:f22ef14a12866343373ca29474ab11f7196abbd7231ede91b20cd0e1d032c2de,sha256:c82ff363da3d9f8178732273be073db71ea8af7e72554da3959ee7afd53e48ec,True,False
83,seal-C-347-083,seal-C-347-083,sha256:be4f33f1d97d826f61c88d1fc44c00c91e7c972109bb647c64519b57983b75b5,sha256:ae3e8dfd7bf88382fa2000b76d2f739fa9be3349e28b6e28ed79f48e97b53040,True,False
84,seal-C-347-084,seal-C-347-084,sha256:c09d399a137fe6902113aa6322b1ea3afcb9043a7a844deb40e7bc19b2f684d7,sha256:6eadc97f9d813d3f29f14cf9f005cc856269e5342a74dff0e4cd0826e2dfff8f,True,False
85,seal-C-347-085,seal-C-347-085,sha256:20ee9f62237dc6595fcfd4d80b6bf35c78053599b94ab66a5bbf252cc3143c0f,sha256:d7cd7c75bf2768bb5ca1e89fb709abc666e2ae4f31fd50ca33baa14ac95abf0c,True,False
86,seal-C-347-086,seal-C-347-086,sha256:0476105af54ff18378c35861418a280cf78251c9573446c7b0782674467dfedb,sha256:fed3d8b7c02da8fbdb7578aeca058b70cd9d6ab9cc28d9eb487828e4f1797ec0,True,False
87,seal-C-348-087,seal-C-348-087,sha256:f2402f431c27e47797796383571f810adefe8c69256f1854639aebe00a42abec,sha256:d415869c79f5e1ad5778d351d1b7e094cfbec4a1109af071dd18b30eb4bd4cdc,True,False
88,seal-C-348-088,seal-C-348-088,sha256:1da30fe77e5395f9878e363f9def85400c940e22996311316b2057c5fb4a8ec3,sha256:ee03949fc4d2facf87f05330d5b5bd9b9f0501dbdbd875d4a189925b3fd4f9ab,True,False
89,seal-C-348-089,seal-C-348-089,sha256:a6ef4b3b5319dd6665d259cc8799e016d735f94d649ab2dd6c443f5574158589,sha256:07241b20a319943915499056d2c12d06970c4244b751cfa2891b3cd74616570c,True,False
90,seal-C-348-090,seal-C-348-090,sha256:af6e6996ec50289b97b4f156ad051ebdd5990a93da7f210c1f365d53598de4ac,sha256:5d53c3eded7c15c50333a44928f34604c1a548c802565e57f3c9c6390d9c4920,True,False
91,seal-C-348-091,seal-C-348-091,sha256:2bb6094e5a15beea13ccc4641dc2a06a2e0f87d376ad73b7859ecef9e6f9384d,sha256:eb29b9df83f6fa35979230dbad52100dc76cf7ac4120614a71934a06b5bc586c,True,False
92,seal-C-348-092,seal-C-348-092,sha256:6f24b5166c522745557692157feb06c58a193c437c6bf443bb39a2ee2c756435,sha256:da8a6e2e23f1a852779100ceeb1e0a5b22abe01acc0e4dde332fcb5ff5f10f9a,True,False
93,seal-C-349-093,seal-C-349-093,sha256:9ecee0b8e1b6d49eed0995352508a3ef92e9706b8cf8624c9f94689812d0f2fb,sha256:4573e5a82f22be8abca7abf8a7b0ec1a85a4a5a4e77524993eb8d320edc56375,True,False
94,seal-C-349-094,seal-C-349-094,sha256:e0faba4047f0ee13c6748d7f9a3457c0a0be02a639061565149be501eb0a126c,sha256:5dcd13c2521f3307a1b33f2881a8bdce9ce22e0523e1abbdb7917d92e5976b80,True,False
95,seal-C-349-095,seal-C-349-095,sha256:54cea0cdb91f2867addfbf999cd105fb46d4cea039cbb31573756911bef6470c,sha256:2a51349d0bbe127e2cd580ddd7740abe66df1a92fdbafc9c750a4d961506a9ad,True,False
96,seal-C-349-096,seal-C-349-096,sha256:5146852a2980965acdee51179200fe030af15336c1570385a02f3fe1b8e0de37,sha256:465be0fe52d7d6e981caeda3f43eb2d11f8f175b0a6feecb9d55a51de28e8f89,True,False
97,seal-C-349-097,seal-C-349-097,sha256:494bd3b0754312aad4647916e91ce2db148fe1b0f2ef7d34606feee87d55eb4b,sha256:f1ea66598a01f102581e851d926e8509975aae14af6e78aea66129a3914eb44a,True,False
98,seal-C-349-098,seal-C-349-098,sha256:e3b1527efb7d7c508ea98a5f98bb726e27a0a583e20e41df2c0afb238dc265c0,sha256:ae80e47533bdc7514aa8bfc3cc1695cdada99a567de98aeb8850044e4de098c7,True,False
99,seal-C-349-099,seal-C-349-099,sha256:1bdaaaefbb918bc2c153ff7e5257a3e1b93ed92a8127d93425ede719c0a465d9,sha256:f8262d0702c9b84d4d2f155130e3d0e035e8a5ebad05746c8fd41845288feab7,True,False
100,seal-C-350-100,seal-C-350-100,sha256:90ff2a12fb66378a575f9387c8317e67272d95638f7ea4df0c634df7b7dc9c46,sha256:effb366c54dbe929a4aec72012d365a3b5ed098ec96f7cdfdd8bc204ee268af5,True,False
101,seal-C-350-101,seal-C-350-101,sha256:2cb6b43303d797fb4c85a716e59e14f128c33960ea8737285849d718709dabc2,sha256:38cf6d8b9a0fd88a2bae026fe256bc3f2f6042eceda3ee2600ba68228cc43205,True,False
102,seal-C-350-102,seal-C-350-102,sha256:274cba5411ca6937f2538388fb241a3454c8138c572bd845a171bd841ed1a578,sha256:9aea4754616a0726621c4918b4e1a87b8f20741afe3d63a353109d59c0ff8a1f,True,False
103,seal-C-350-103,seal-C-350-103,sha256:5d2bea39f2018c24d1b47f6ea240ab8e70894e38e9c3c8aab100803b76e58c45,sha256:ed4955da1fe269b165b206f00cd87dd1b056e891fffe4de69ea8154754aae3fa,True,False
104,seal-C-350-104,seal-C-350-104,sha256:64d08bb8d35d9b7e0627f9012de7f47a28f4c183236228e83a00c40d63bc7e22,sha256:7d938443772570489e854fe3f1c0f8a0438c91db0b7d1a1342c676946a488b1e,True,False
105,seal-C-350-105,seal-C-350-105,sha256:67486e1efbe533a298bf598fdefc8c04511933445fa54999b45bfe1579ef6b5d,sha256:3ca1526c80889111ae3a5a73a6fa586adb193ccaaee66404a36b88047f67c9dd,True,False
106,seal-C-351-106,seal-C-351-106,sha256:bcaa8a9f5bc67d69e28a239c4d0e74737b08f3f64aa57acb94629bc4f41e6e7a,sha256:7ba589bcc03512c4d583e3b1067d048d4ad993bede14c01cf6e9623048f716d9,True,False
107,seal-C-351-107,seal-C-351-107,sha256:f085973fc82c3539be87ae92194fc877ef953e4f088425a350a12b31b5eb35db,sha256:9062fe944e9c5e15fe31944e71ca61eb6472a81c837d785c8a53803522aa87c6,True,False
108,seal-C-351-108,seal-C-351-108,sha256:91e830bbac1e0f46dd3edd910cdaa3301d5bc664405d0834001d64ef730dea69,sha256:745dc5d0afbc6dd969e5a4bf32d004b4e3e247bd2af910489eaa538ef135e825,True,False
109,seal-C-351-109,seal-C-351-109,sha256:d346331c6a532312892523de1ca840abbe4a418aa5e84e4a1b20dcc58a6a9735,sha256:a15ef5e49a29c08cdfd658cdc8abf238985949f2b0c43b2396da89d130d3d464,True,False
110,seal-C-351-110,seal-C-351-110,sha256:152ea75f48c73b3152cbd2ebf29c9c17eb9d091dde89c88262a58c5cc0282175,sha256:7f671295f7a88f5d9e1d3fb6fb8469f849470a105fc8e83fbf9fd6a2ddb58a22,True,False
111,seal-C-351-111,seal-C-351-111,sha256:b1d804c486cd41c115b08a0e7cb143fd87c1eea05e29d30b65dd7fe55e120c65,sha256:c438987e9f7e732e4854d6bf1fdf3e742669797fc746a4bafe4b7c1ad24d242b,True,False
112,seal-C-351-112,seal-C-351-112,sha256:4b482d61e41af312b948ab93a8738b27eca5c2fae9be26744983687a710169f4,sha256:391ffde9c1a69df3ab2ff190dac43b42cce9242278a9867b8e54f280b5ca10ef,True,False
113,seal-C-352-113,seal-C-352-113,sha256:e95dbf91fa84e4c9b15a9c4edc95d350298ce32a09e34595cda81036542af271,sha256:461cfab2e76991ac4ec993c0571ed7bf9478ec8a8c747363225de779193b5517,True,False
114,seal-C-352-114,seal-C-352-114,sha256:e00de7f082361f42dc940da36f23bcfc7a17300f85bfebe30df20ba7978479c7,sha256:5dc74590aa951a56267bce0a45f65630fed3f673476fd243c567b846167dafe5,True,False
115,seal-C-352-115,seal-C-352-115,sha256:73ccfc38aaef2ef6882b8288313223efc152be1aaa83ce5382efb162b9df62d0,sha256:c56a4cd8c4550dac3bb9538b9a2000e59127eda3a32ce3f8c0cbaff1b999e3e2,True,False
116,seal-C-352-116,seal-C-352-116,sha256:13169ce1ee050ee8be8356cc27a4dec529f66a6aefaf3d620e2bef1330ffcc6d,sha256:e283a2b5e19e7adfecd6eab4a3cc743ed891c3ca0c8347899a137d17c51ab043,True,False
117,seal-C-352-117,seal-C-352-117,sha256:933abf960343c8e7c4282d06008405ef1750d858148b3e27b9faeb561d946362,sha256:3ff0fdfca9c5a4a065f9d6f0c2b519a96ec27aa1a9084126e4803d11e9cf8178,True,False
118,seal-C-352-118,seal-C-352-118,sha256:39f6f9fc12ab88abfdf96f97f641dd3c30f2c43798b5a99033f059d8f33bf6d8,sha256:2856fc715d8753fee5fd062c4b36f36894684e4f288ebf15f1528dbd512cc9f3,True,False
119,seal-C-352-119,seal-C-352-119,sha256:6b5ef1c82e7ec357014f1d964390f3e8e6cc9360eed560a56894d192094ed707,sha256:c3e4a3378045724115e83216ba228eba1a0c68bad8c408df3f0e85861861f551,True,False
120,seal-C-353-120,seal-C-353-120,sha256:032fb0ccee1b3ad7d2789a04dcaa478e10fd11edebb31a5cb49bbeeaa51137f5,sha256:a4ffad5fbf7fa7ae39f07d432765109e6231ace8f31a9f7f76c59cb8a2eee522,True,False
121,seal-C-353-121,seal-C-353-121,sha256:c33e83b7985c7e69bf033e7b44b95e6ec43337cdb1da4edbef59797cb3b058f7,sha256:17b764b57fe68b16669a2ed63b3412634ae2a50a8b077e8dfd11b282d2f36a7d,True,False
122,seal-C-355-122,seal-C-355-122,sha256:1c83f418a5b1806ed35845720d96c79b5dcb2d4e06222d23b52bf21cae886f33,sha256:7dc413f647749b67eaaa0a76bd07ce4f65e83c05bab688ad89ee8d4991ea258f,True,False
123,seal-C-355-123,seal-C-355-123,sha256:0926db83311d4f77bdf8f805ffa28f018a2aed6782b204f48ae87b248ffb5431,sha256:1b50071d53b7d0ee47afc8b185e99c43cc72366f30e73b15291f2668424476c1,True,False
124,seal-C-356-124,seal-C-356-124,sha256:2b9f6a31b39701d28c980b0c0524956b8449feb37a5613c9da716af039e14602,sha256:839095f4d53bd9466357654ab08dcf287099ed0cadda7222e1b626bafe0a02bc,True,False
125,seal-C-356-125,seal-C-356-125,sha256:1624b1347175e1a784d1cf4a73a562e9e0f6b9eee48cb7d83d751c3b5e456410,sha256:287ea769142e63027b0c84e4a727efede45d8eb8e68520a45d640da0012a659d,True,False
126,seal-C-357-126,seal-C-357-126,sha256:78f48b1bc3411b99c688252c9e307d41b8a9bae1dfbcc9ce196a259dbc71e864,sha256:5c485563966b55a6aa0095c7602f2194b5a3fce275a1056fe69b8721548d7eaf,True,False
127,seal-C-357-127,seal-C-357-127,sha256:06f4527c97ece46cce02567b57d4d627f53452b72040868dc30bca6bfabc9eb8,sha256:84f8ce2b2712e6a995a3f6386c9e9ce7eb58e84315967cf680bde4e1a1af0945,True,False
128,seal-C-357-128,seal-C-357-128,sha256:03e62aaa293230d96397297c70a0c995e2ea2e3ae2e31d4ca28a966b7d02f229,sha256:657296bd3599526000aa9b0bcb6daaa9a1dd4a73c16fc29958871a02de0796ec,True,False
129,seal-C-358-129,seal-C-358-129,sha256:6ea62dc8a7c77092eefa134237efcf8c6d50263e0c7d5b4ae51aa6066cd35f43,sha256:11293f2140c0b55e21f8176e1d259003e3ec3c17c4a07cd20bb6a2ada7ca42a6,True,False
130,seal-C-358-130,seal-C-358-130,sha256:9eb4307cbe01e7fe7a9f79ad7b275506eb809bf357730c126de75eba5a7f74ac,sha256:d9da45abfea0617e5d37137fa2dfdbed832481c15ca9147f89ec512aae7cc1f2,True,False
131,seal-C-358-131,seal-C-358-131,sha256:b624cb7c416620790dfbd2ab776213da544272a9c5237fd2762bb6843b109729,sha256:2146d96692e71e55329b4d5d15cdb78aed00d50eab248556de1c358441ab6b4e,True,False
132,seal-C-322-132,seal-C-322-132,sha256:2699863cbe8eab138b08827887755a56bbebf0b10d7917456a3d883c12b328e9,sha256:0ac7b96755602e225da464a22ddf1c3afb438534c2575cfb54d96f3ef3a7b465,True,False
133,seal-C-322-133,seal-C-322-133,sha256:59f917b2d9874546e8aaf4628085ed33143693ff232ad8fa8b6bf7d20dc7f9a3,sha256:325a45fa736d1ac7021ea51bddbe30696df59e3024c58ab9fcfa2b0a47fe3f0a,True,False
134,seal-C-322-134,seal-C-322-134,sha256:4894b107f9546c5f33ddccc070fe5a9d1b7496819c42cd55acbcfdeaece55254,sha256:c945dd0b0e2eca005cb1056b079d739802388d6b66e8edc20694d5bd1ed4cde0,True,False
135,seal-C-323-135,seal-C-323-135,sha256:ab35ed866c12fde7a376948abd8ae8287684fb01d9c3b32a7790983887be7a4a,sha256:b30188f5ea64fa091bea6731e4146f4ec64cf11898c4f45432919e2022c2618b,True,False
136,seal-C-323-136,seal-C-323-136,sha256:4d89dc98f3c0c2504889dcae357199b043fa37ca02b78a64ac270c10d26882f8,sha256:45166c69753170dd9f6453b242177a43b25fd416b20eb28176737b8748ee59fe,True,False
137,seal-C-323-137,seal-C-323-137,sha256:38b8c1041eb8f4af7d3a9914e1cdd70da3adfe5b32d6804bde827c1edadecdee,sha256:58ffbe519f2f45e830323b7e1fd4dec21ce957a46599417011f9fd96dbe984d1,True,False
138,seal-C-323-138,seal-C-323-138,sha256:3235f6ee404bede176a122cebb13bd32147ff76869e711d5c060a3d4cdc551ae,sha256:d4a8fb96f88592d222df145427c6c5e7706a6bb426b2c730b5720c577b43ac87,True,False
139,seal-C-323-139,seal-C-323-139,sha256:b657f5e4694d6811ff20c5ec406c301dcf07b46b421c79db0d1db6110a50af26,sha256:aa04b890365e0fa52d25be3d7872f8e2cf3db28803fad7a92304e66b9c18d647,True,False
140,seal-C-324-140,seal-C-324-140,sha256:06070ed59fa757434d41b8cb64a54eb19ceb2d69f0c108a5c31d5ccde6c3e784,sha256:6809ca3948714135d957f4788e572a9c4a284910dbcd525d851518dcb05ae3bf,True,False
141,seal-C-324-141,seal-C-324-141,sha256:e3fdbf6c560e141d6dc740445407b76885e15bda7a6dcbd1ae0722a4f69e0e56,sha256:19b925e178454314ecf30a1e9d960d071b537bbb3f8f8043f9c73235c3cef913,True,False
142,seal-C-324-142,seal-C-324-142,sha256:bd8164af540b5a91ecf75b832661e092375c2138c36231e61d55628730692b48,sha256:3d8b8c9511bc0cfe1c796b096ccc7aa53c56674323698e68aa1dad71fdcb37a1,True,False
143,seal-C-324-143,seal-C-324-143,sha256:7e1ea8d8a933f0d85dfb7a40c89f0f07b0ba2cbabc170c86e85e56267818be24,sha256:0eedb141191b06ef5624fb7ec76d8bb330db53d9de724457e6f7ea030a161171,True,False
144,seal-C-324-144,seal-C-324-144,sha256:78fa76882c1688fd9c8df0fed09848de96815ee15ae0db53b3d30763150e46a5,sha256:14a22b99d6a28c9c091960f6da47d57421408c88e7bd65c8e1354a5ee5f2afad,True,False
145,seal-C-324-145,seal-C-324-145,sha256:04d4c981a93ba9198f5f9a3cf37d37a3cf3f44ef7360abc6b35e58d75ce8bcdb,sha256:214dbcf0543b6fd38d255002c7569c5e21532ae1bdb3dea44673b52820293826,True,False
146,seal-C-324-146,seal-C-324-146,sha256:c311d9acc6d92d4a93bd6bcd9eb411694a3ec65d39fb872fa34b8c1fb87238b0,sha256:955c153e25f3aa102db46180ef7ebe43aec24f685d9b0a6225c426ed9f1dd71b,True,False
147,seal-C-325-147,seal-C-325-147,sha256:40a79bfb81a6c2b84f549e78997ab81bcf0ca21ffbb9cfb7ab3008b7fe48e9e1,sha256:fe19daf21dac10cb5c4c49fc4d52fe5a2a15a471f6ee7af4c5ba4a515056f1f5,True,False
148,seal-C-325-148,seal-C-325-148,sha256:324a44c9d4f20d9b558defa9388d34a99c291ffa29105351659b47eb59602550,sha256:643bd87cba7f11157d55e80ae6b1e55be3889c68cd72363efb77597e25019fd1,True,False
149,seal-C-325-149,seal-C-325-149,sha256:4ab9ede2c544d014055d37b1638be670b6d272262a490934e4fb7abf4512963d,sha256:e6572cfc25d78fa3f4aaf73446b0eae3ebe871993fe0bbb412ac47f972f99eae,True,False
150,seal-C-325-150,seal-C-325-150,sha256:9a148815e93178ac9a011843b20d95a8a26720ee7482dbfe520fbbcf32382bb4,sha256:7e7c5b721ebdf1452fa37a316851a75efc004f2bca30c13a02f02138b732dd50,True,False
151,seal-C-325-151,seal-C-325-151,sha256:b94f9ef95a6fe09ef45175f14aec91e27ce32f0e5ba9068004b48c922bd3a6cb,sha256:273f76a65d45091d258e1292d2f4b7977d191e1a2cb8cca69231c7c453da1b7e,True,False
152,seal-C-325-152,seal-C-325-152,sha256:a8f6c37f828de0740f00105710888f9c601095fdefbff0386365e85b96163823,sha256:695a3aefe3b3702ff53845f4e468a1c57ab1d75d5ae1202cdabd6cc768b87253,True,False
153,seal-C-326-153,seal-C-326-153,sha256:a1e57f57de2a7f35c6606f2b30f35662683383da4010e69192ec5acff90dc012,sha256:6c1983a406d830b4399b0bf1c556f77842994f10d6d4a77ad7d9aadbdb7f903c,True,False
154,seal-C-326-154,seal-C-326-154,sha256:661199609f9cf173408ce9b93286b336c9622f4341462afea658b20ab856cfca,sha256:d2880ddc6efebef1016a2362da8498dad172db0d650a25f9c362e0d2ffcb2584,True,False
155,seal-C-326-155,seal-C-326-155,sha256:94a6bc5fd099f1bf732040e4e2c51a85bb248d46c10278ae0deff53bc1e9aa73,sha256:b5aa2725a4b52f33d09334642a603869290af988f5bf5d9e492970fc5ce3d293,True,False
156,seal-C-326-156,seal-C-326-156,sha256:cd3d5ee87733837b53955266525cfad8608e6360873c3df3144e577e36980b28,sha256:385a255e797ac269f00df1d9f9094fb9b6a965bdf55fc08829650d1c3f1fa3fa,True,False
157,seal-C-326-157,seal-C-326-157,sha256:f1de4b857c7efcd57c55ebdd5270edb0e844f9af0b2c7cc67e89bcf7377fa72e,sha256:8ff3792306ca18117cd987818776937815b021bb637b72963dc6805a2129e457,True,False
158,seal-C-326-158,seal-C-326-158,sha256:5509099da7cd2802d5f5fcc1e2aa31351a38a40ccba02cfd00d5de7ddd983ec4,sha256:243ae8852d539bd64cfed697dac2a6c28f6923dc223f2ae4ee12e1fdac7a8e04,True,False
159,seal-C-326-159,seal-C-326-159,sha256:74f1f5dcbbaae782e1f96577f6d0f5e9dc5f418c88f853d52a83237c1481faf0,sha256:e46fc9baf267b506bd2050f3912daed018d08e3142e91e0952936f702f62657c,True,False
160,seal-C-326-160,seal-C-326-160,sha256:9940bd9e9bb961f13216a7c64e6d0836379e7e1047f84d9f203868de28deccb3,sha256:b87f61d33059ce446b0e11bfa860c21650bf39cbeb5b93c927f3e636d4bc5c2d,True,False
161,seal-C-327-161,seal-C-327-161,sha256:e06f5972e4ecd2f83045fa7a9c075896b6f8b935700f57eb9bb7721b73ee68ec,sha256:e268152c1f50bee7c7ca8becec1434bd95cc19f6f43cb141625bfe1c863dcec9,True,False
162,seal-C-327-162,seal-C-327-162,sha256:f817e960740b2420cf5e90b32109228470e3a4b9a973fc04586578b8ce40506b,sha256:e546e430c69d295ed70c1c2605f6ccd53deef123a8fb82799d058782c7ba7def,True,False
163,seal-C-327-163,seal-C-327-163,sha256:3a36ba0608451735f9c76f99b896769d8a7d4eef75f97f67567ed5237dbab943,sha256:bb2e67d08e7bf44af6f9c33400825e3e782ab3edde89533b2f0a9c4b9fac276a,True,False
164,seal-C-327-164,seal-C-327-164,sha256:cdff0a5f1f8a7e507a1ffcb3a5dda7945f3568ff9ce0618e6ed2db4e658a0c46,sha256:312124e2813cf1590a49f4dfce8616780c13126d0b82fc53adaed942c4c20e9e,True,False
165,seal-C-327-165,seal-C-327-165,sha256:ea613f0dd4110c7daba63f958d37ad9472e323728f50502f965466b532c7f274,sha256:39f64513ee402b897d32904b2a32620c270f1dfbc1736dd969001843e6d1d3e6,True,False
166,seal-C-328-166,seal-C-328-166,sha256:b13eaeca120b33ed84496d1fa53954bd10e8422e0a13f84d1e194a550faecc61,sha256:5b2b731b61d680d35c1a460ba8e3521b8c25c257e64f74ac6e202f43392ffef7,True,False
167,seal-C-328-167,seal-C-328-167,sha256:3e21e539a037d2045ea8d3b5817e40aa7d06f095dec61ccc7e2ad2d37f547eea,sha256:ff0aa2f4e8b6a7a591ea916e9635c35c5772649c9abf043cc9b5ea453b994ade,True,False
168,seal-C-328-168,seal-C-328-168,sha256:2648e60f707a4fb7c92a9fa34bda4f454c2d76daf5a95915aa3e07febc1c94d9,sha256:a9b6550f7da549c19d140afd9ca10ca20bebf62bfbab03d7cf940c90dc6c439c,True,False
169,seal-C-328-169,seal-C-328-169,sha256:6917f3f8a618b28bbcf894ca0d570a5f29ea8c3b504fc4da8fad4b89dca6de3c,sha256:062230744374c8bbb5c3917b700b6bb584121492d1269673a44928cf2a3bd97f,True,False
170,seal-C-328-170,seal-C-328-170,sha256:bdc2156a938ae6a11ced4999667b2a54e9a9cbff2e3a5dd68cf520a8a90418f7,sha256:27394ba2fecaf56ebd47d394d922df6401d8dce33332ca3d2e101de64bac2dbd,True,False
171,seal-C-328-171,seal-C-328-171,sha256:4c0cabfdd628af62a1e37ece182a6e480eb2f69199f22e6154c428b289a33358,sha256:ac06f56fa625b74166da24655cff6b61940be6f93aef95587c22cf60a5367472,True,False
172,seal-C-329-172,seal-C-329-172,sha256:44ad887fe0880f8b678db7ca201cd4ae8821f7208d6097731e7306282b50bc2c,sha256:7df95b40748765cb0e18da07ea60515c8f389dce404685010c8aba37a1ccd043,True,False
173,seal-C-329-173,seal-C-329-173,sha256:ab66563bea958789c7a1116c40e8d138ad706eff8363e426882233b2c2b2ee8e,sha256:e5396fb6357b7f38bd9d2b2a301c9727ea3595b44ee966d74cc06628cc432218,True,False
174,seal-C-329-174,seal-C-329-174,sha256:0415806023c74df80b6b4c4448b9814866580a17a9f668f2d583eaf168b82910,sha256:d1afe5593b5afcd3766a82bb86d31adab106cc710bc945ecade36f06bc9b7d8f,True,False
175,seal-C-329-175,seal-C-329-175,sha256:32c972dd2788b27680c18cdf98e869df79a7889f949b638c2d58b144ba0a52f5,sha256:d0193c7f0d82d991dbdb58b4ad9372c31fc7fa27f9507599f9ee8b62721d99b4,True,False
176,seal-C-330-176,seal-C-330-176,sha256:32bd90eab99273e1b48ab28436d6a93e08850510740890dc2afdc9489787c2dc,sha256:ae736dfbc57e30b8ca9581c08e6f19d9a8edfe75f6e6323b03be35c9b59b4116,True,False
177,seal-C-330-177,seal-C-330-177,sha256:58c626682482b5cecc34f06455abac91e04943a0141bf7317efb83093c78b2d3,sha256:22ca5c660db8ff62e3238a42dac527589313b4b39e4c32d2011762a4617b5754,True,False
178,seal-C-330-178,seal-C-330-178,sha256:93b2d4085f7ad7be271efe8da0910c83b60d800d589f5292a14cf919abca529f,sha256:7791812216b07ebefee04be060144a819089df2a2757bcf4d28f734bf968b629,True,False
179,seal-C-330-179,seal-C-330-179,sha256:811c6aadfd6bb5eea258960b33eb69e9feaa4e8db84549b3b6ba006895016568,sha256:daf448dd9621068301014120c81e9155584d2165d6036462d9a86bf9209f15f3,True,False
180,seal-C-330-180,seal-C-330-180,sha256:defc55b38f0c3e72d73ecf37856b357bf8ae2b5f2ff2e848ff4bfcbca6babb64,sha256:d1ff1f09ce4b20016db4bee9fb60d9ba97bf74ef86c73d28b72817598e4e89db,True,False
181,seal-C-330-181,seal-C-330-181,sha256:7a9bb0dabe549b31c1551db2e64c25a2ff7121aff26c0c43db3632ad0be6c3bd,sha256:8f56d85c4b2bfe9a3abf50d6dff811339fe4ef3f3c7e9b2d2c868baf04c71391,True,False
182,seal-C-330-182,seal-C-330-182,sha256:fe02ad2ea0e3feac4023f5ec4bd3467539465ff94af3dd3dc4b85908e25cf246,sha256:c19636f5acba5792fe34280f0a29be5d94b93f13028f17f838851aeaa16a4cd3,True,False
183,seal-C-331-183,seal-C-331-183,sha256:2f54663c018453c5f2207d7d38ead8980616891e546acecabcc976b43cd97d59,sha256:8dddc0ebf4f5b0fd655290ebb85f29fe3fd32ec462cb800a42d13c9a748a1c76,True,False
184,seal-C-331-184,seal-C-331-184,sha256:6e5341ea983b2c59cf0ed99608202d04ab70dc4bc5e0789f3ae6e9fddd30f0f1,sha256:5409fdb4a799d861763fe686be7964e0453b850c50e9089375e81b499978303a,True,False
185,seal-C-331-185,seal-C-331-185,sha256:c463a1a8284ce26d979c0ae01fbb7429f84ab637fa79c8d55d3f7265d67f1592,sha256:35e9108b252962453c1f387cb88ac78ffe70838cdc35688ee894849b03bc3e47,True,False
186,seal-C-331-186,seal-C-331-186,sha256:003d31dd437d5d8dd99bdaa8d306354cb416523785ce33cb77e91957eeaa53ce,sha256:2a5ecdb9c92fce1f35e9b61e7d7aea995b4ed3aecd2938acf416a8ba3ef2805c,True,False
187,seal-C-331-187,seal-C-331-187,sha256:99f38c1d7b83ab7e905e37c6849daf4aa5f1f366feab1c111c9067c01d602c30,sha256:4d8154aadd474aa05221650989be0e0ea58b6258143447b0a53e28e481fa13d6,True,False
188,seal-C-331-188,seal-C-331-188,sha256:70f5ff68316d410d9596f2562a43fad2acea4e24157381963195f570f590182b,sha256:b0b27836dd617fe61c77630284eee9148ef4763a644b99c326d2f1e7e2955832,True,False
189,seal-C-332-189,seal-C-332-189,sha256:c38f37382332804fa97836621dd0ba99690e559d6c54ec63a0b1c1765390f524,sha256:3eac8bfa1cdf4ade78701d2b2b07c8d0c8de0349e2086035488636a9de8673ac,True,False
190,seal-C-332-190,seal-C-332-190,sha256:889ff009816efc9172bcbd259c8c4adefe166b6fb99d7b65007e70cd29f059c2,sha256:6405ea0eb684fc83db028203333fbe2dab29d5b9849bc5c4186792a7814e493d,True,False
191,seal-C-332-191,seal-C-332-191,sha256:595976d7376cba1314af1abd3ddfad58f83bb0855b7d13871f1388ec058858a3,sha256:18ca4088feadf48100b4eec6cce187377b470888c204c0e0747ec5fc0dc91ae1,True,False
192,seal-C-332-192,seal-C-332-192,sha256:7595c2a52b6544dda18c81c64e507209b8dc0614d56e00c752ebd21bf7c9fc2b,sha256:4b05552265e6b6034a0b139f0fb685140ee83174a4747850358f4eed6ec3ca34,True,False
193,seal-C-332-193,seal-C-332-193,sha256:be15b24527a2e681754a9bbee50936f3c21b282e5b2a39d27b52552e07734639,sha256:396caffa8acfe3d96541e00fc9b4529acb32734ace14d8b1404fd61c3f08e68d,True,False
194,seal-C-332-194,seal-C-332-194,sha256:2ccc5e411828b32927bd53842558dd8202b9395955668f75237b107539d25baa,sha256:aefebc6cf87df587f601c55d9b269214d35d6a1621c333177b8bd39455d140d8,True,False
